[
    {
      "id": 97332300,
      "title": "CodeIn Academy",
      "display_name": "CodeIn Academy",
      "job_title": "Certified Java Software Engineers",
      "image_100x100": "https://img-c.udemycdn.com/user/100x100/97332300_0f28_3.jpg"
    },
    {
      "id": 78777828,
      "title": "John Honai",
      "display_name": "John Honai",
      "job_title": "A Computer Science Engineer and a passionate teacher!",
      "image_100x100": "https://img-c.udemycdn.com/user/100x100/78777828_f573_4.jpg"
    },
    {
      "id": 38516954,
      "title": "Andrei Neagoie",
      "display_name": "Andrei Neagoie",
      "job_title": "Founder of zerotomastery.io",
      "image_100x100": "https://img-c.udemycdn.com/user/100x100/38516954_b11c_3.jpg"
    },
    {
      "id": 37215988,
      "title": "Sujith George",
      "display_name": "Sujith George",
      "job_title": "A Software Engineer With A Passion For Teaching!",
      "image_100x100": "https://img-c.udemycdn.com/user/100x100/37215988_5374.jpg"
    },
    {
      "id": 36549886,
      "title": "Neil Cummings",
      "display_name": "Neil Cummings",
      "job_title": "Professional freelance software developer",
      "image_100x100": "https://img-c.udemycdn.com/user/100x100/36549886_0357.jpg"
    },
    {
      "id": 35642982,
      "title": "The Net Ninja (Shaun Pelling)",
      "display_name": "The Net Ninja (Shaun Pelling)",
      "job_title": "Online Coding Tutor & Net Ninja",
      "image_100x100": "https://img-c.udemycdn.com/user/100x100/35642982_61b8.jpg"
    },
    {
      "id": 35101150,
      "title": "Tim Buchalka's Learn Programming Academy",
      "display_name": "Tim Buchalka's Learn Programming Academy",
      "job_title": "Professional Programmers and Teachers - 1.75M students",
      "image_100x100": "https://img-c.udemycdn.com/user/100x100/35101150_6f0c_4.jpg"
    },
    {
      "id": 33231436,
      "title": "Codestars • over 2 million students worldwide!",
      "display_name": "Codestars • over 2 million students worldwide!",
      "job_title": "Teaching the Next Generation of Coders",
      "image_100x100": "https://img-c.udemycdn.com/user/100x100/33231436_2824_3.jpg"
    },
    {
      "id": 33027212,
      "title": "GameDev.tv Team",
      "display_name": "GameDev.tv Team",
      "job_title": "Learn to Make and Sell Games",
      "image_100x100": "https://img-c.udemycdn.com/user/100x100/33027212_4271_10.jpg"
    },
    {
      "id": 32100244,
      "title": "Ricardo Andre Gonzalez Gomez",
      "display_name": "Ricardo Andre Gonzalez Gomez",
      "job_title": "Linux System Engineer",
      "image_100x100": "https://img-c.udemycdn.com/user/100x100/32100244_c591.jpg"
    },
    {
      "id": 31926668,
      "title": "Academind by Maximilian Schwarzmüller",
      "display_name": "Academind by Maximilian Schwarzmüller",
      "job_title": "Online Education",
      "image_100x100": "https://img-c.udemycdn.com/user/100x100/31926668_94e7_6.jpg"
    },
    {
      "id": 31334738,
      "title": "Dr. Angela Yu",
      "display_name": "Dr. Angela Yu",
      "job_title": "Developer and Lead Instructor",
      "image_100x100": "https://img-c.udemycdn.com/user/100x100/31334738_a13c_3.jpg"
    },
    {
      "id": 31303958,
      "title": "Mumshad Mannambeth",
      "display_name": "Mumshad Mannambeth",
      "job_title": "Best Selling Instructor | Teaches Kubernetes",
      "image_100x100": "https://img-b.udemycdn.com/user/100x100/31303958_8529_3.jpg"
    },
    {
      "id": 29951918,
      "title": "TetraNoodle Team",
      "display_name": "TetraNoodle Team",
      "job_title": "REAL KNOWLEDGE. REAL EXPERIENCE. REAL VALUE.",
      "image_100x100": "https://img-b.udemycdn.com/user/100x100/29951918_0a05_5.jpg"
    },
    {
      "id": 28208536,
      "title": "Ivan Lourenço Gomes",
      "display_name": "Ivan Lourenço Gomes",
      "job_title": "Top-Rated Tech Instructor",
      "image_100x100": "https://img-c.udemycdn.com/user/100x100/28208536_78ad_18.jpg"
    },
    {
      "id": 27878376,
      "title": "Abdul Bari",
      "display_name": "Abdul Bari",
      "job_title": "Professional Programmer and Educator",
      "image_100x100": "https://img-b.udemycdn.com/user/100x100/27878376_ce40_3.jpg"
    },
    {
      "id": 27674560,
      "title": "Jonathan Weinberger",
      "display_name": "Jonathan Weinberger",
      "job_title": "Authorized Unity Instructor",
      "image_100x100": "https://img-c.udemycdn.com/user/100x100/27674560_dd2c_3.jpg"
    },
    {
      "id": 27329018,
      "title": "Daniel Ciocîrlan",
      "display_name": "Daniel Ciocîrlan",
      "job_title": "Software Engineer & Best-Selling Instructor",
      "image_100x100": "https://img-c.udemycdn.com/user/100x100/27329018_4159.jpg"
    },
    {
      "id": 26256890,
      "title": "Christopher Murphy",
      "display_name": "Christopher Murphy",
      "job_title": "Unreal Engine Evangelist and Director of Pub Games",
      "image_100x100": "https://img-b.udemycdn.com/user/100x100/26256890_d16d_3.jpg"
    },
    {
      "id": 24415084,
      "title": "David Valentine",
      "display_name": "David Valentine",
      "job_title": "The Backyard Data Scientist",
      "image_100x100": "https://img-b.udemycdn.com/user/100x100/24415084_36c2.jpg"
    },
    {
      "id": 23218620,
      "title": "Valentin Despa",
      "display_name": "Valentin Despa",
      "job_title": "​Agile Software Developer",
      "image_100x100": "https://img-c.udemycdn.com/user/100x100/23218620_1661_4.jpg"
    },
    {
      "id": 22543074,
      "title": "T Roshdy",
      "display_name": "T Roshdy",
      "job_title": "QA Engineer",
      "image_100x100": "https://img-c.udemycdn.com/user/100x100/22543074_7627_8.jpg"
    },
    {
      "id": 22313626,
      "title": "Green Chameleon Learning",
      "display_name": "Green Chameleon Learning",
      "job_title": "High Quality Teaching",
      "image_100x100": "https://img-c.udemycdn.com/user/100x100/22313626_0663_2.jpg"
    },
    {
      "id": 22113450,
      "title": "Hadelin de Ponteves",
      "display_name": "Hadelin de Ponteves",
      "job_title": "Serial Tech Entrepreneur",
      "image_100x100": "https://img-c.udemycdn.com/user/100x100/22113450_6fb5_3.jpg"
    },
    {
      "id": 22088672,
      "title": "Hendrik Kleine",
      "display_name": "Hendrik Kleine",
      "job_title": "Data Analytics Leader",
      "image_100x100": "https://img-c.udemycdn.com/user/100x100/22088672_79eb_3.jpg"
    },
    {
      "id": 21681922,
      "title": "Brad Traversy",
      "display_name": "Brad Traversy",
      "job_title": "Full Stack Web Developer & Instructor at Traversy Media",
      "image_100x100": "https://img-b.udemycdn.com/user/100x100/21681922_4513_5.jpg"
    },
    {
      "id": 20246784,
      "title": "Leon Petrou",
      "display_name": "Leon Petrou",
      "job_title": "Systems Engineer at FutureRPA",
      "image_100x100": "https://img-c.udemycdn.com/user/100x100/20246784_fe90_6.jpg"
    },
    {
      "id": 20083068,
      "title": "Tim Short",
      "display_name": "Tim Short",
      "job_title": "Dev / Train / Recuit",
      "image_100x100": "https://img-c.udemycdn.com/user/100x100/20083068_da1c.jpg"
    },
    {
      "id": 17864918,
      "title": "Febin George",
      "display_name": "Febin George",
      "job_title": "Software Developer",
      "image_100x100": "https://img-b.udemycdn.com/user/100x100/17864918_aff7_2.jpg"
    },
    {
      "id": 16122994,
      "title": "Stephane Maarek | AWS Certified Cloud Practitioner,Solutions Architect,Developer",
      "display_name": "Stephane Maarek | AWS Certified Cloud Practitioner,Solutions Architect,Developer",
      "job_title": "Best Selling Instructor, 10x AWS Certified, Kafka Guru",
      "image_100x100": "https://img-c.udemycdn.com/user/100x100/16122994_284f_18.jpg"
    },
    {
      "id": 14788334,
      "title": "John Thompson • 465,000+ Enrollments Worldwide",
      "display_name": "John Thompson • 465,000+ Enrollments Worldwide",
      "job_title": "Spring Framework Guru - Best Selling Instructor",
      "image_100x100": "https://img-c.udemycdn.com/user/100x100/14788334_9734.jpg"
    },
    {
      "id": 14703256,
      "title": "Tao W.",
      "display_name": "Tao W.",
      "job_title": "Software engineer",
      "image_100x100": "https://img-b.udemycdn.com/user/100x100/14703256_c1bf_9.jpg"
    },
    {
      "id": 14266988,
      "title": "Lazy Programmer Inc.",
      "display_name": "Lazy Programmer Inc.",
      "job_title": "Artificial intelligence and machine learning engineer",
      "image_100x100": "https://img-c.udemycdn.com/user/100x100/14266988_a969_9.jpg"
    },
    {
      "id": 14214490,
      "title": "Mark Wahlbeck",
      "display_name": "Mark Wahlbeck",
      "job_title": "CEO Devslopes | iOS | Android | Freelancing",
      "image_100x100": "https://img-c.udemycdn.com/user/100x100/14214490_3956_3.jpg"
    },
    {
      "id": 14145628,
      "title": "Edward Viaene",
      "display_name": "Edward Viaene",
      "job_title": "DevOps, Cloud, Big Data Specialist",
      "image_100x100": "https://img-c.udemycdn.com/user/100x100/14145628_e20e_3.jpg"
    },
    {
      "id": 14078692,
      "title": "Oracle Master Training | 200,000+ Students Worldwide",
      "display_name": "Oracle Master Training | 200,000+ Students Worldwide",
      "job_title": "Oracle Architect & Best Selling Instructor",
      "image_100x100": "https://img-b.udemycdn.com/user/100x100/14078692_b9ed_17.jpg"
    },
    {
      "id": 13952972,
      "title": "Maximilian Schwarzmüller",
      "display_name": "Maximilian Schwarzmüller",
      "job_title": "AWS certified, Professional Web Developer and Instructor",
      "image_100x100": "https://img-b.udemycdn.com/user/100x100/13952972_e853.jpg"
    },
    {
      "id": 13922584,
      "title": "Al Sweigart",
      "display_name": "Al Sweigart",
      "job_title": "Software developer, tech book author",
      "image_100x100": "https://img-c.udemycdn.com/user/100x100/13922584_4ff5_2.jpg"
    },
    {
      "id": 13616792,
      "title": "Kosh Sarkar",
      "display_name": "Kosh Sarkar",
      "job_title": "Product Manager",
      "image_100x100": "https://img-c.udemycdn.com/user/100x100/13616792_33d2_3.jpg"
    },
    {
      "id": 13363166,
      "title": "in28Minutes Official",
      "display_name": "in28Minutes Official",
      "job_title": "DevOps, Azure, GCP, Docker, Kubernetes, Java & Spring Boot",
      "image_100x100": "https://img-b.udemycdn.com/user/100x100/13363166_a747.jpg"
    },
    {
      "id": 13148312,
      "title": "Sundog Education by Frank Kane",
      "display_name": "Sundog Education by Frank Kane",
      "job_title": "Founder, Sundog Education. Machine Learning Pro",
      "image_100x100": "https://img-b.udemycdn.com/user/100x100/13148312_b29e_3.jpg"
    },
    {
      "id": 12013100,
      "title": "Joseph Delgadillo",
      "display_name": "Joseph Delgadillo",
      "job_title": "Best-Selling Instructor",
      "image_100x100": "https://img-b.udemycdn.com/user/100x100/12013100_e696_6.jpg"
    },
    {
      "id": 11900060,
      "title": "Brewster Knowlton",
      "display_name": "Brewster Knowlton",
      "job_title": "Business Intelligence Expert",
      "image_100x100": "https://img-c.udemycdn.com/user/100x100/11900060_b897_3.jpg"
    },
    {
      "id": 10444866,
      "title": "Ziyad Yehia",
      "display_name": "Ziyad Yehia",
      "job_title": "Energetic Instructor with a Project-based Approach",
      "image_100x100": "https://img-c.udemycdn.com/user/100x100/10444866_d31e_7.jpg"
    },
    {
      "id": 9685726,
      "title": "Jose Portilla",
      "display_name": "Jose Portilla",
      "job_title": "Head of Data Science at Pierian Training",
      "image_100x100": "https://img-c.udemycdn.com/user/100x100/9685726_67e7_4.jpg"
    },
    {
      "id": 9164404,
      "title": "Dheeru Mundluru",
      "display_name": "Dheeru Mundluru",
      "job_title": "PhD, CTO & Principal Instructor at Semantic Square",
      "image_100x100": "https://img-c.udemycdn.com/user/100x100/9164404_c05c_4.jpg"
    },
    {
      "id": 8820730,
      "title": "Ravinder Deol",
      "display_name": "Ravinder Deol",
      "job_title": "Cryptocurrency & No-Code Teacher, 200K+ Students",
      "image_100x100": "https://img-c.udemycdn.com/user/100x100/8820730_5827_21.jpg"
    },
    {
      "id": 8800948,
      "title": "Andrew Eddy",
      "display_name": "Andrew Eddy",
      "job_title": "Graphic Designer, Entrepreneur,  & Instructor",
      "image_100x100": "https://img-c.udemycdn.com/user/100x100/8800948_7aa9_4.jpg"
    },
    {
      "id": 8735380,
      "title": "Bharath Thippireddy",
      "display_name": "Bharath Thippireddy",
      "job_title": "IT Architect and Best Selling Instructor- 600000+ students",
      "image_100x100": "https://img-c.udemycdn.com/user/100x100/8735380_e11b_4.jpg"
    },
    {
      "id": 8280056,
      "title": "365 Careers",
      "display_name": "365 Careers",
      "job_title": "Creating opportunities for Data Science and Finance students",
      "image_100x100": "https://img-c.udemycdn.com/user/100x100/8280056_7887_3.jpg"
    },
    {
      "id": 8092788,
      "title": "Bo Andersen",
      "display_name": "Bo Andersen",
      "job_title": "Lead Developer",
      "image_100x100": "https://img-b.udemycdn.com/user/100x100/8092788_2057_2.jpg"
    },
    {
      "id": 7947666,
      "title": "Boris Paskhaver",
      "display_name": "Boris Paskhaver",
      "job_title": "Software Engineer | Consultant | Author",
      "image_100x100": "https://img-c.udemycdn.com/user/100x100/7947666_5e30_4.jpg"
    },
    {
      "id": 7799204,
      "title": "Jonas Schmedtmann",
      "display_name": "Jonas Schmedtmann",
      "job_title": "Web Developer, Designer, and Teacher",
      "image_100x100": "https://img-c.udemycdn.com/user/100x100/7799204_2091_5.jpg"
    },
    {
      "id": 7644438,
      "title": "Chad Darby",
      "display_name": "Chad Darby",
      "job_title": "Popular Java Spring Instructor - Best Seller",
      "image_100x100": "https://img-c.udemycdn.com/user/100x100/7644438_8f29.jpg"
    },
    {
      "id": 7315098,
      "title": "Imtiaz Ahmad",
      "display_name": "Imtiaz Ahmad",
      "job_title": "Senior Software Engineer & Trainer @ Job Ready Programmer",
      "image_100x100": "https://img-c.udemycdn.com/user/100x100/7315098_7c17_3.jpg"
    },
    {
      "id": 7231684,
      "title": "Andrew Mead",
      "display_name": "Andrew Mead",
      "job_title": "A Full-stack Developer & Teacher",
      "image_100x100": "https://img-c.udemycdn.com/user/100x100/7231684_bc0d_5.jpg"
    },
    {
      "id": 6956218,
      "title": "Zaid Sabih",
      "display_name": "Zaid Sabih",
      "job_title": "Ethical Hacker, Computer Scientist & CEO of zSecurity",
      "image_100x100": "https://img-c.udemycdn.com/user/100x100/6956218_3564_4.jpg"
    },
    {
      "id": 6772884,
      "title": "Edwin Diaz",
      "display_name": "Edwin Diaz",
      "job_title": "Web Developer & Premium Instructor - 800,000 students",
      "image_100x100": "https://img-c.udemycdn.com/user/100x100/6772884_fcfc_2.jpg"
    },
    {
      "id": 5997742,
      "title": "Rahul Shetty",
      "display_name": "Rahul Shetty",
      "job_title": "Teacher over 600k+ QA Students|Founder of RahulShettyAcademy",
      "image_100x100": "https://img-b.udemycdn.com/user/100x100/5997742_a60f_51.jpg"
    },
    {
      "id": 5993622,
      "title": "Brad Schiff",
      "display_name": "Brad Schiff",
      "job_title": "Web Developer",
      "image_100x100": "https://img-c.udemycdn.com/user/100x100/5993622_f5da_2.jpg"
    },
    {
      "id": 5487312,
      "title": "Stephen Grider",
      "display_name": "Stephen Grider",
      "job_title": "Engineering Architect",
      "image_100x100": "https://img-c.udemycdn.com/user/100x100/5487312_0554.jpg"
    },
    {
      "id": 5341724,
      "title": "Jason Taylor",
      "display_name": "Jason Taylor",
      "job_title": "Lead Software Engineer, Dev Trainer (19 courses,50k reviews)",
      "image_100x100": "https://img-c.udemycdn.com/user/100x100/5341724_4617_2.jpg"
    },
    {
      "id": 4606812,
      "title": "Dmitry Shyshkin",
      "display_name": "Dmitry Shyshkin",
      "job_title": "I'll teach you automate tests.",
      "image_100x100": "https://img-c.udemycdn.com/user/100x100/4606812_6cb6_2.jpg"
    },
    {
      "id": 4573650,
      "title": "Denis Panjuta",
      "display_name": "Denis Panjuta",
      "job_title": "Teaches over 200,000 students to code",
      "image_100x100": "https://img-c.udemycdn.com/user/100x100/4573650_9792_2.jpg"
    },
    {
      "id": 4466306,
      "title": "Colt Steele",
      "display_name": "Colt Steele",
      "job_title": "Developer and Bootcamp Instructor",
      "image_100x100": "https://img-b.udemycdn.com/user/100x100/4466306_6fd8_3.jpg"
    },
    {
      "id": 4387876,
      "title": "Rob Percival",
      "display_name": "Rob Percival",
      "job_title": "Web Developer And Teacher",
      "image_100x100": "https://img-b.udemycdn.com/user/100x100/4387876_78bc.jpg"
    },
    {
      "id": 4355282,
      "title": "Ben Tristem",
      "display_name": "Ben Tristem",
      "job_title": "GameDev.tv Founder :: Entrepreneur :: Passionate Teacher",
      "image_100x100": "https://img-c.udemycdn.com/user/100x100/4355282_676b_2.jpg"
    },
    {
      "id": 3795950,
      "title": "Daniel Strong",
      "display_name": "Daniel Strong",
      "job_title": "Excel Instructor/Programmer",
      "image_100x100": "https://img-c.udemycdn.com/user/100x100/3795950_7fe4.jpg"
    },
    {
      "id": 2813068,
      "title": "Jonathan Rasmusson",
      "display_name": "Jonathan Rasmusson",
      "job_title": "Ex-Spotify Engineer, The Agile Samurai",
      "image_100x100": "https://img-c.udemycdn.com/user/100x100/2813068_ff54_3.jpg"
    },
    {
      "id": 2467626,
      "title": "Anthony Alicea",
      "display_name": "Anthony Alicea",
      "job_title": "Software Developer, Architect, and UX Designer",
      "image_100x100": "https://img-c.udemycdn.com/user/100x100/2467626_f2e0_3.jpg"
    },
    {
      "id": 2364054,
      "title": "Kirill Eremenko",
      "display_name": "Kirill Eremenko",
      "job_title": "Data Scientist",
      "image_100x100": "https://img-c.udemycdn.com/user/100x100/2364054_83cd_5.jpg"
    },
    {
      "id": 1293438,
      "title": "Dan LeFebvre",
      "display_name": "Dan LeFebvre",
      "job_title": "Best-selling instructor and podcaster",
      "image_100x100": "https://img-c.udemycdn.com/user/100x100/1293438_9556_3.jpg"
    },
    {
      "id": 932551,
      "title": "Ben Brumm",
      "display_name": "Ben Brumm",
      "job_title": "IT Software Consultant",
      "image_100x100": "https://img-c.udemycdn.com/user/100x100/932551_6695_3.jpg"
    },
    {
      "id": 767883,
      "title": "Rahul Arora",
      "display_name": "Rahul Arora",
      "job_title": "Way2Automation - Director & The Automation Guru",
      "image_100x100": "https://img-c.udemycdn.com/user/100x100/767883_2b35_18.jpg"
    },
    {
      "id": 766460,
      "title": "Jose Salvatierra",
      "display_name": "Jose Salvatierra",
      "job_title": "Founder of Teclado and Software Engineer",
      "image_100x100": "https://img-b.udemycdn.com/user/100x100/766460_67a1_3.jpg"
    },
    {
      "id": 717783,
      "title": "Ardit Sulce",
      "display_name": "Ardit Sulce",
      "job_title": "Python Programmer. Founder and Author, PythonHow.",
      "image_100x100": "https://img-c.udemycdn.com/user/100x100/717783_3157_8.jpg"
    },
    {
      "id": 712832,
      "title": "Mosh Hamedani",
      "display_name": "Mosh Hamedani",
      "job_title": "Passionate Software Engineer and Best-selling Author",
      "image_100x100": "https://img-c.udemycdn.com/user/100x100/712832_5e8d_3.jpg"
    },
    {
      "id": 710121,
      "title": "Todd McLeod",
      "display_name": "Todd McLeod",
      "job_title": "Top-Rated Instructor, Tenured College Professor",
      "image_100x100": "https://img-c.udemycdn.com/user/100x100/710121_fdc7_6.jpg"
    },
    {
      "id": 621716,
      "title": "Arkadiusz Włodarczyk",
      "display_name": "Arkadiusz Włodarczyk",
      "job_title": "Excellent teacher, Expert in Programming",
      "image_100x100": "https://img-c.udemycdn.com/user/100x100/621716_0514_5.jpg"
    },
    {
      "id": 599932,
      "title": "Tim Buchalka",
      "display_name": "Tim Buchalka",
      "job_title": "Java Python Android and C# Expert Developer - 1.28M students",
      "image_100x100": "https://img-c.udemycdn.com/user/100x100/599932_71aa_5.jpg"
    },
    {
      "id": 598757,
      "title": "Eduonix Learning Solutions",
      "display_name": "Eduonix Learning Solutions",
      "job_title": "1+ Million Students Worldwide | 200+ Courses",
      "image_100x100": "https://img-c.udemycdn.com/user/100x100/598757_b22a_3.jpg"
    },
    {
      "id": 525118,
      "title": "Dmitri Nesteruk",
      "display_name": "Dmitri Nesteruk",
      "job_title": "Software/Hardware Engineering • Quant Finance • Algotrading",
      "image_100x100": "https://img-c.udemycdn.com/user/100x100/525118_7a52_4.jpg"
    },
    {
      "id": 422607,
      "title": "Brad Hussey",
      "display_name": "Brad Hussey",
      "job_title": "Web Designer, Creator & Marketing Consultant",
      "image_100x100": "https://img-b.udemycdn.com/user/100x100/422607_77b6_10.jpg"
    },
    {
      "id": 278531,
      "title": "Jason Cannon",
      "display_name": "Jason Cannon",
      "job_title": "Professional system administrator, consultant, and author.",
      "image_100x100": "https://img-c.udemycdn.com/user/100x100/278531_86c0_4.jpg"
    },
    {
      "id": 231052,
      "title": "Bret Fisher",
      "display_name": "Bret Fisher",
      "job_title": "Docker Captain and DevOps Sysadmin",
      "image_100x100": "https://img-c.udemycdn.com/user/100x100/231052_dba0_6.jpg"
    },
    {
      "id": 18187,
      "title": "Evan Kimbrell",
      "display_name": "Evan Kimbrell",
      "job_title": "Founder of Sprintkick | Ex-VC  | Ex-startup founder",
      "image_100x100": "https://img-c.udemycdn.com/user/100x100/18187_dbc6_6.jpg"
    }
   ]